architecture,target,probe_type,tier,timescale_ms,n_neurons,r2_trained_mean,r2_trained_max,delta_r2_mean,selectivity_mean,n_significant,dominant_diagnosis,diagnosis_counts
lstm,G_T,mlp_1,1,5.0,5,0.5730664074420929,0.7196202278137207,0.10643070936202999,0.4644154773950577,5,NONLINEAR_ENCODING,{'NONLINEAR_ENCODING': 5}
lstm,G_T,mlp_2,1,5.0,5,0.5829081296920776,0.7197960615158081,0.07149181365966792,0.4644154773950577,5,NONLINEAR_ENCODING,"{'NONLINEAR_ENCODING': 4, 'STRUCTURAL': 1}"
lstm,G_T,ridge,1,5.0,5,0.46687964677810667,0.6392475843429566,-0.010342578887939421,0.4644154773950577,5,STRUCTURAL,"{'STRUCTURAL': 4, 'LINEAR_ENCODING': 1}"
lstm,G_h,mlp_1,1,100.0,5,-3.514234113693237,-2.2196154594421387,-1.5699473857879638,0.473032215833664,5,SCALE_AMBIGUITY,"{'SCALE_AMBIGUITY': 4, 'GENUINE_ZOMBIE': 1}"
lstm,G_h,mlp_2,1,100.0,5,-3.4711468026041983,-0.1201192364096641,-2.1976971074938776,0.473032215833664,5,SCALE_AMBIGUITY,{'SCALE_AMBIGUITY': 5}
lstm,G_h,ridge,1,100.0,5,0.5974598932266236,0.6333564996719361,0.02334072828292844,0.473032215833664,5,STRUCTURAL,{'STRUCTURAL': 5}
lstm,I_GABA_A,mlp_1,1,5.0,5,-0.056117406114935854,-0.0114081259816885,-0.010758815333247202,0.19271287047863003,5,SCALE_AMBIGUITY,"{'SCALE_AMBIGUITY': 4, 'GENUINE_ZOMBIE': 1}"
lstm,I_GABA_A,mlp_2,1,5.0,5,0.22927521169185633,0.2724859714508056,0.1258895248174667,0.19271287047863003,5,NONLINEAR_ENCODING,{'NONLINEAR_ENCODING': 5}
lstm,I_GABA_A,ridge,1,5.0,5,0.2841112971305847,0.3291741847991943,0.014911408424377442,0.19271287047863003,5,STRUCTURAL,"{'STRUCTURAL': 4, 'LINEAR_ENCODING': 1}"
lstm,I_GABA_B,mlp_1,1,150.0,5,0.4694809019565582,0.4905630052089691,0.24014295339584346,0.09596151900291439,5,NONLINEAR_ENCODING,{'NONLINEAR_ENCODING': 5}
lstm,I_GABA_B,mlp_2,1,150.0,5,0.5926305055618286,0.6167858839035034,0.07899143099784849,0.09596151900291439,5,NONLINEAR_ENCODING,{'NONLINEAR_ENCODING': 5}
lstm,I_GABA_B,ridge,1,150.0,5,0.621344051361084,0.6473888278007507,-0.0007337689399719201,0.09596151900291439,5,STRUCTURAL,{'STRUCTURAL': 5}
lstm,I_T,mlp_1,1,5.0,5,0.5354154944419861,0.688485860824585,0.15483025908470155,0.46498848056793207,5,NONLINEAR_ENCODING,{'NONLINEAR_ENCODING': 5}
lstm,I_T,mlp_2,1,5.0,5,0.6043481826782227,0.7363643646240234,0.05947061181068418,0.46498848056793207,5,STRUCTURAL,"{'STRUCTURAL': 3, 'NONLINEAR_ENCODING': 2}"
lstm,I_T,ridge,1,5.0,5,0.4669489240646363,0.6394713640213012,-0.008549258708953861,0.46498848056793207,5,STRUCTURAL,"{'STRUCTURAL': 4, 'LINEAR_ENCODING': 1}"
lstm,I_h,mlp_1,1,100.0,5,0.7489615321159363,0.7758151292800903,0.12509771585464474,0.5068696697950363,5,NONLINEAR_ENCODING,{'NONLINEAR_ENCODING': 5}
lstm,I_h,mlp_2,1,100.0,5,0.7514519453048706,0.7732641696929932,0.04188243150711054,0.5068696697950363,5,STRUCTURAL,"{'STRUCTURAL': 4, 'NONLINEAR_ENCODING': 1}"
lstm,I_h,ridge,1,100.0,5,0.6345364165306091,0.6711584806442261,0.01627944231033324,0.5068696697950363,5,STRUCTURAL,"{'STRUCTURAL': 4, 'LINEAR_ENCODING': 1}"
lstm,gabaa_per_tc,mlp_1,1,5.0,5,0.45380781292915345,0.5363323092460632,0.07097569108009334,0.08797172009944912,5,NONLINEAR_ENCODING,"{'NONLINEAR_ENCODING': 4, 'STRUCTURAL': 1}"
lstm,gabaa_per_tc,mlp_2,1,5.0,5,0.49315889477729796,0.5802930593490601,0.06582601666450497,0.08797172009944912,5,NONLINEAR_ENCODING,"{'NONLINEAR_ENCODING': 3, 'STRUCTURAL': 2}"
lstm,gabaa_per_tc,ridge,1,5.0,5,0.4758446955680847,0.5679896235466003,0.017298450469970642,0.08797172009944912,5,STRUCTURAL,{'STRUCTURAL': 5}
lstm,gabab_per_tc,mlp_1,1,150.0,5,0.9769857406616211,0.9790452122688292,0.00702254772186274,0.00496645390987384,5,STRUCTURAL,{'STRUCTURAL': 5}
lstm,gabab_per_tc,mlp_2,1,150.0,5,0.9723458051681518,0.9735373258590698,0.00531200170516964,0.00496645390987384,5,STRUCTURAL,{'STRUCTURAL': 5}
lstm,gabab_per_tc,ridge,1,150.0,5,0.9769702100753787,0.978377640247345,-0.00754243373870842,0.00496645390987384,5,STRUCTURAL,{'STRUCTURAL': 5}
lstm,tc_h_T,mlp_1,2,20.0,5,0.8495747685432434,0.8687005043029785,0.13420387506484982,0.5866614274978638,5,NONLINEAR_ENCODING,{'NONLINEAR_ENCODING': 5}
lstm,tc_h_T,mlp_2,2,20.0,5,0.8427185893058777,0.8595839738845825,0.06309214830398557,0.5866614274978638,5,NONLINEAR_ENCODING,"{'NONLINEAR_ENCODING': 4, 'STRUCTURAL': 1}"
lstm,tc_h_T,ridge,2,20.0,5,0.7488914489746094,0.7911530494689941,0.03295575857162474,0.5866614274978638,5,STRUCTURAL,"{'STRUCTURAL': 4, 'LINEAR_ENCODING': 1}"
lstm,tc_h_T_rank,mlp_1,3,20.0,5,0.7667900681495666,0.8045440912246704,0.11522153615951533,0.6593168388605118,5,NONLINEAR_ENCODING,{'NONLINEAR_ENCODING': 5}
lstm,tc_h_T_rank,mlp_2,3,20.0,5,0.7646623969078064,0.7971958518028259,0.09922081232070919,0.6593168388605118,5,NONLINEAR_ENCODING,{'NONLINEAR_ENCODING': 5}
lstm,tc_h_T_rank,ridge,3,20.0,5,0.6603997325897216,0.7307411074638367,-0.0004772758483886596,0.6593168388605118,5,STRUCTURAL,"{'STRUCTURAL': 4, 'LINEAR_ENCODING': 1}"
lstm,tc_h_T_zscore,mlp_1,3,20.0,5,0.8470492243766785,0.8696357607841492,0.07556492090225216,0.6939728221893311,5,NONLINEAR_ENCODING,"{'NONLINEAR_ENCODING': 4, 'STRUCTURAL': 1}"
lstm,tc_h_T_zscore,mlp_2,3,20.0,5,0.8624571084976196,0.8771871328353882,0.01798973083496088,0.6939728221893311,5,STRUCTURAL,{'STRUCTURAL': 5}
lstm,tc_h_T_zscore,ridge,3,20.0,5,0.6994252705574036,0.7751989245414734,-0.01022863626480098,0.6939728221893311,5,STRUCTURAL,"{'STRUCTURAL': 4, 'LINEAR_ENCODING': 1}"
lstm,tc_m_T,mlp_1,2,1.0,5,0.6438076138496399,0.6907667517662048,0.11412026882171626,0.508952689051628,5,NONLINEAR_ENCODING,{'NONLINEAR_ENCODING': 5}
lstm,tc_m_T,mlp_2,2,1.0,5,0.654198408126831,0.699000358581543,0.06897166967391964,0.508952689051628,5,NONLINEAR_ENCODING,{'NONLINEAR_ENCODING': 5}
lstm,tc_m_T,ridge,2,1.0,5,0.5316928195953368,0.6213829040527343,-0.009262850284576421,0.508952689051628,5,STRUCTURAL,"{'STRUCTURAL': 4, 'LINEAR_ENCODING': 1}"
lstm,tc_m_T_rank,mlp_1,3,1.0,5,0.7762786984443665,0.8096915483474731,0.11947629451751704,0.6738267501592636,5,NONLINEAR_ENCODING,{'NONLINEAR_ENCODING': 5}
lstm,tc_m_T_rank,mlp_2,3,1.0,5,0.7723068594932556,0.7980760335922241,0.09180202484130856,0.6738267501592636,5,NONLINEAR_ENCODING,{'NONLINEAR_ENCODING': 5}
lstm,tc_m_T_rank,ridge,3,1.0,5,0.6738127255439759,0.7596847534179687,-0.01348531961441038,0.6738267501592636,5,STRUCTURAL,"{'STRUCTURAL': 4, 'LINEAR_ENCODING': 1}"
lstm,tc_m_T_zscore,mlp_1,3,1.0,5,0.6454216599464416,0.6890383958816528,0.08609701395034783,0.5197078585624695,5,NONLINEAR_ENCODING,{'NONLINEAR_ENCODING': 5}
lstm,tc_m_T_zscore,mlp_2,3,1.0,5,0.6636179447174072,0.7026512622833252,0.04272118806838983,0.5197078585624695,5,STRUCTURAL,{'STRUCTURAL': 5}
lstm,tc_m_T_zscore,ridge,3,1.0,5,0.5195420241355896,0.6154937028884888,-0.01084626913070674,0.5197078585624695,5,STRUCTURAL,"{'STRUCTURAL': 4, 'LINEAR_ENCODING': 1}"
lstm,tc_m_h,mlp_1,2,100.0,5,0.7062172174453736,0.739022970199585,0.13237005472183222,0.4730322180986405,5,NONLINEAR_ENCODING,{'NONLINEAR_ENCODING': 5}
lstm,tc_m_h,mlp_2,2,100.0,5,0.7069402217864991,0.73448246717453,0.0677096128463745,0.4730322180986405,5,NONLINEAR_ENCODING,"{'NONLINEAR_ENCODING': 4, 'STRUCTURAL': 1}"
lstm,tc_m_h,ridge,2,100.0,5,0.5974598979949952,0.6333564996719361,0.023341164588928178,0.4730322180986405,5,STRUCTURAL,{'STRUCTURAL': 5}
lstm,tc_m_h_rank,mlp_1,3,100.0,5,0.6611220240592957,0.7258148193359375,0.15262415409088131,0.5440983568429946,5,NONLINEAR_ENCODING,{'NONLINEAR_ENCODING': 5}
lstm,tc_m_h_rank,mlp_2,3,100.0,5,0.6559731483459472,0.7148259282112122,0.11938976049423214,0.5440983568429946,5,NONLINEAR_ENCODING,{'NONLINEAR_ENCODING': 5}
lstm,tc_m_h_rank,ridge,3,100.0,5,0.5438738369941711,0.637675428390503,0.011017990112304659,0.5440983568429946,5,STRUCTURAL,"{'STRUCTURAL': 4, 'LINEAR_ENCODING': 1}"
lstm,tc_m_h_zscore,mlp_1,3,100.0,5,0.7207996487617493,0.7608305811882019,0.10511038303375242,0.5655301914215087,5,NONLINEAR_ENCODING,{'NONLINEAR_ENCODING': 5}
lstm,tc_m_h_zscore,mlp_2,3,100.0,5,0.7467090249061584,0.7829833626747131,0.04742885828018184,0.5655301914215087,5,NONLINEAR_ENCODING,"{'NONLINEAR_ENCODING': 3, 'STRUCTURAL': 2}"
lstm,tc_m_h_zscore,ridge,3,100.0,5,0.5666369462013245,0.6477721214294434,0.0011772656440734795,0.5655301914215087,5,STRUCTURAL,{'STRUCTURAL': 5}
neural_ode,G_T,mlp_1,1,5.0,5,-0.0109844802645966,0.0041838167235255,0.012761788931675202,0.01017909383773798,5,GENUINE_ZOMBIE,{'GENUINE_ZOMBIE': 5}
neural_ode,G_T,mlp_2,1,5.0,5,-0.00710693839937442,-0.002871036529541,0.015706510806921876,0.01017909383773798,5,GENUINE_ZOMBIE,{'GENUINE_ZOMBIE': 5}
neural_ode,G_T,ridge,1,5.0,5,0.014681715965270941,0.0235574841499328,0.0033073401451110193,0.01017909383773798,5,GENUINE_ZOMBIE,{'GENUINE_ZOMBIE': 5}
neural_ode,G_h,mlp_1,1,100.0,5,-0.2804706752300262,-0.1092140823602676,6.5330781757831575,0.00270325374603268,3,GENUINE_ZOMBIE,{'GENUINE_ZOMBIE': 5}
neural_ode,G_h,mlp_2,1,100.0,5,-1.7894832134246825,-0.5953839421272278,1.0019243478775024,0.00270325374603268,3,GENUINE_ZOMBIE,{'GENUINE_ZOMBIE': 5}
neural_ode,G_h,ridge,1,100.0,5,0.12624311208724973,0.1572991847991943,0.02106850862503046,0.00270325374603268,3,STRUCTURAL,{'STRUCTURAL': 5}
neural_ode,I_GABA_A,mlp_1,1,5.0,5,-0.17633315920829767,-0.1618444472551345,0.028195944428443864,0.0028418160676955797,3,GENUINE_ZOMBIE,{'GENUINE_ZOMBIE': 5}
neural_ode,I_GABA_A,mlp_2,1,5.0,5,-0.09834991395473476,-0.0917273536324501,-0.01058664619922634,0.0028418160676955797,3,GENUINE_ZOMBIE,{'GENUINE_ZOMBIE': 5}
neural_ode,I_GABA_A,ridge,1,5.0,5,0.09627544879913325,0.1113441824913024,0.02741648435592644,0.0028418160676955797,3,STRUCTURAL,{'STRUCTURAL': 5}
neural_ode,I_GABA_B,mlp_1,1,150.0,5,-0.36661596298217775,-0.3401478826999664,-0.00239972472190854,0.00123096740245818,4,GENUINE_ZOMBIE,{'GENUINE_ZOMBIE': 5}
neural_ode,I_GABA_B,mlp_2,1,150.0,5,-0.1923758268356323,-0.1718389242887497,-0.17878152821213003,0.00123096740245818,4,GENUINE_ZOMBIE,{'GENUINE_ZOMBIE': 5}
neural_ode,I_GABA_B,ridge,1,150.0,5,0.46798685789108274,0.4906466960906982,0.10701187849044795,0.00123096740245818,4,SPURIOUS,{'SPURIOUS': 5}
neural_ode,I_T,mlp_1,1,5.0,5,-0.019958548620343165,-0.0163512229919433,-0.020612649980466764,0.0100495462417602,5,GENUINE_ZOMBIE,{'GENUINE_ZOMBIE': 5}
neural_ode,I_T,mlp_2,1,5.0,5,-0.0017611288509215214,0.0042994739487767,-0.00959415189427086,0.0100495462417602,5,GENUINE_ZOMBIE,{'GENUINE_ZOMBIE': 5}
neural_ode,I_T,ridge,1,5.0,5,0.01407510519027704,0.0227347254753112,0.00284198760986326,0.0100495462417602,5,GENUINE_ZOMBIE,{'GENUINE_ZOMBIE': 5}
neural_ode,I_h,mlp_1,1,100.0,5,0.09963005483150478,0.1266151517629623,0.01554295867681498,0.00122200214862822,2,STRUCTURAL,{'STRUCTURAL': 5}
neural_ode,I_h,mlp_2,1,100.0,5,0.10020807534456248,0.1282524317502975,0.007853269577026338,0.00122200214862822,2,STRUCTURAL,{'STRUCTURAL': 5}
neural_ode,I_h,ridge,1,100.0,5,0.12767212152481075,0.1623568058013916,0.02197971582412714,0.00122200214862822,2,STRUCTURAL,{'STRUCTURAL': 5}
neural_ode,gabaa_per_tc,mlp_1,1,5.0,5,-0.20013952851295466,-0.1625899374485016,-0.09498113840818402,-0.00515450155735018,1,GENUINE_ZOMBIE,{'GENUINE_ZOMBIE': 5}
neural_ode,gabaa_per_tc,mlp_2,1,5.0,5,0.30010358393192293,0.3855332732200622,0.18827151805162426,-0.00515450155735018,1,SPURIOUS,{'SPURIOUS': 5}
neural_ode,gabaa_per_tc,ridge,1,5.0,5,0.3732198143005371,0.4680615782737732,0.08407969713211057,-0.00515450155735018,1,SPURIOUS,{'SPURIOUS': 5}
neural_ode,gabab_per_tc,mlp_1,1,150.0,5,0.7961936354637146,0.816024661064148,0.3248605728149414,0.0027010961771010604,5,SPURIOUS,{'SPURIOUS': 5}
neural_ode,gabab_per_tc,mlp_2,1,150.0,5,0.8362608790397644,0.8391485214233398,0.22075110673904413,0.0027010961771010604,5,SPURIOUS,{'SPURIOUS': 5}
neural_ode,gabab_per_tc,ridge,1,150.0,5,0.9650878739356994,0.9674334049224852,0.21136001110076902,0.0027010961771010604,5,SPURIOUS,{'SPURIOUS': 5}
neural_ode,tc_h_T,mlp_1,2,20.0,5,0.12906015515327451,0.1610065847635269,0.034132125973701424,0.0051322532892226795,1,STRUCTURAL,{'STRUCTURAL': 5}
neural_ode,tc_h_T,mlp_2,2,20.0,5,0.12465952932834623,0.1569341868162155,0.01579823344945906,0.0051322532892226795,1,STRUCTURAL,{'STRUCTURAL': 5}
neural_ode,tc_h_T,ridge,2,20.0,5,0.16742653846740718,0.2085001349449157,0.03074454307556148,0.0051322532892226795,1,STRUCTURAL,{'STRUCTURAL': 5}
neural_ode,tc_h_T_rank,mlp_1,3,20.0,5,-0.00421220547286788,-0.0009509801748208,-0.0033665729220956403,0.01132622480392448,5,EXPECTED_NULL,{'EXPECTED_NULL': 5}
neural_ode,tc_h_T_rank,mlp_2,3,20.0,5,-0.0008794403169304201,0.0008197784190997,-0.006664311955682881,0.01132622480392448,5,EXPECTED_NULL,{'EXPECTED_NULL': 5}
neural_ode,tc_h_T_rank,ridge,3,20.0,5,0.01545092105865474,0.0291038393974304,0.0003138256072997999,0.01132622480392448,5,EXPECTED_NULL,{'EXPECTED_NULL': 5}
neural_ode,tc_h_T_zscore,mlp_1,3,20.0,5,0.00028484345821196,0.0010980248916894,-0.020598948062979558,0.0093255097866058,5,EXPECTED_NULL,{'EXPECTED_NULL': 5}
neural_ode,tc_h_T_zscore,mlp_2,3,20.0,5,0.00153503658366384,0.0049089789390563,-0.03701532615232278,0.0093255097866058,5,EXPECTED_NULL,{'EXPECTED_NULL': 5}
neural_ode,tc_h_T_zscore,ridge,3,20.0,5,0.01657697439193718,0.0278270006179809,0.0003227829933166599,0.0093255097866058,5,EXPECTED_NULL,{'EXPECTED_NULL': 5}
neural_ode,tc_m_T,mlp_1,2,1.0,5,0.01484394818544384,0.0190538056194782,-0.0058643836528062205,0.007595729351043639,5,EXPECTED_NULL,{'EXPECTED_NULL': 5}
neural_ode,tc_m_T,mlp_2,2,1.0,5,0.018243236839771224,0.0237860325723886,-0.00475028194487088,0.007595729351043639,5,EXPECTED_NULL,{'EXPECTED_NULL': 5}
neural_ode,tc_m_T,ridge,2,1.0,5,0.032617669105529754,0.0357480645179748,0.007310588359832721,0.007595729351043639,5,EXPECTED_NULL,{'EXPECTED_NULL': 5}
neural_ode,tc_m_T_rank,mlp_1,3,1.0,5,-0.00837043765932318,-0.0042351009324193,0.00039889074396342005,0.014738561391830399,5,EXPECTED_NULL,{'EXPECTED_NULL': 5}
neural_ode,tc_m_T_rank,mlp_2,3,1.0,5,-0.0015985465259291,0.0005159497377462,-0.009939117461908559,0.014738561391830399,5,EXPECTED_NULL,{'EXPECTED_NULL': 5}
neural_ode,tc_m_T_rank,ridge,3,1.0,5,0.015251939296722378,0.0231750726699829,0.000869996547699,0.014738561391830399,5,EXPECTED_NULL,{'EXPECTED_NULL': 5}
neural_ode,tc_m_T_zscore,mlp_1,3,1.0,5,-0.00016522644145878007,0.0023320079781115,-0.014609024245873977,0.00952258300781246,5,EXPECTED_NULL,{'EXPECTED_NULL': 5}
neural_ode,tc_m_T_zscore,mlp_2,3,1.0,5,0.0006509780883789002,0.0033727288246154,-0.02253758180886502,0.00952258300781246,5,EXPECTED_NULL,{'EXPECTED_NULL': 5}
neural_ode,tc_m_T_zscore,ridge,3,1.0,5,0.01129815816879266,0.0219475865364074,0.00265477418899538,0.00952258300781246,5,EXPECTED_NULL,{'EXPECTED_NULL': 5}
neural_ode,tc_m_h,mlp_1,2,100.0,5,0.09950565993785855,0.1266332566738128,0.02886642664670942,0.00270328366756438,3,STRUCTURAL,"{'STRUCTURAL': 4, 'SPURIOUS': 1}"
neural_ode,tc_m_h,mlp_2,2,100.0,5,0.09390458017587658,0.1250994056463241,0.019755281507968857,0.00270328366756438,3,STRUCTURAL,{'STRUCTURAL': 5}
neural_ode,tc_m_h,ridge,2,100.0,5,0.12624316930770868,0.1572993040084838,0.021068544387817342,0.00270328366756438,3,STRUCTURAL,{'STRUCTURAL': 5}
neural_ode,tc_m_h_rank,mlp_1,3,100.0,5,-0.006166267418302561,0.0009190201526507,0.00249718201812354,0.009814297318458521,5,EXPECTED_NULL,{'EXPECTED_NULL': 5}
neural_ode,tc_m_h_rank,mlp_2,3,100.0,5,-0.0026141381124033997,-0.0011436581844463,-0.0035336994682438603,0.009814297318458521,5,EXPECTED_NULL,{'EXPECTED_NULL': 5}
neural_ode,tc_m_h_rank,ridge,3,100.0,5,0.01058781147003166,0.0162831783294677,0.0013443756103515597,0.009814297318458521,5,EXPECTED_NULL,{'EXPECTED_NULL': 5}
neural_ode,tc_m_h_zscore,mlp_1,3,100.0,5,0.00018082141759804003,0.0026712417602539,-0.015364565962227,0.009366784095764118,5,EXPECTED_NULL,{'EXPECTED_NULL': 5}
neural_ode,tc_m_h_zscore,mlp_2,3,100.0,5,0.0006399893667548798,0.0032552003394812,-0.0273167113307863,0.009366784095764118,5,EXPECTED_NULL,{'EXPECTED_NULL': 5}
neural_ode,tc_m_h_zscore,ridge,3,100.0,5,0.01210134267807004,0.015497612953186,0.0009980821609496798,0.009366784095764118,5,EXPECTED_NULL,{'EXPECTED_NULL': 5}
volterra,G_T,mlp_1,1,5.0,5,0.5919957876205444,0.7144392132759094,-0.00344716310501096,0.5058647834062576,5,STRUCTURAL,{'STRUCTURAL': 5}
volterra,G_T,mlp_2,1,5.0,5,0.5659106135368347,0.6375312805175781,-0.00929034948348996,0.5058647834062576,5,STRUCTURAL,{'STRUCTURAL': 5}
volterra,G_T,ridge,1,5.0,5,0.5093703079223633,0.6255706906318664,0.0,0.5058647834062576,5,STRUCTURAL,{'STRUCTURAL': 5}
volterra,G_h,mlp_1,1,100.0,5,0.20784444585442544,0.3369137644767761,0.16348758395761248,0.48520571196079254,5,NONLINEAR_ENCODING,"{'NONLINEAR_ENCODING': 4, 'STRUCTURAL': 1}"
volterra,G_h,mlp_2,1,100.0,5,-7.208872127532959,-2.173214912414551,-1.1022935867309571,0.48520571196079254,5,GENUINE_ZOMBIE,"{'GENUINE_ZOMBIE': 3, 'SCALE_AMBIGUITY': 2}"
volterra,G_h,ridge,1,100.0,5,0.6137599158287048,0.6375166296958923,0.0,0.48520571196079254,5,STRUCTURAL,{'STRUCTURAL': 5}
volterra,I_GABA_A,mlp_1,1,5.0,5,-0.18713284134864802,-0.1704819649457931,-0.010636997222900341,0.17734582281112665,5,SCALE_AMBIGUITY,{'SCALE_AMBIGUITY': 5}
volterra,I_GABA_A,mlp_2,1,5.0,5,0.2737786829471588,0.314016729593277,0.00017905533313752002,0.17734582281112665,5,STRUCTURAL,{'STRUCTURAL': 5}
volterra,I_GABA_A,ridge,1,5.0,5,0.2667030715942383,0.3070706605911255,0.0,0.17734582281112665,5,STRUCTURAL,{'STRUCTURAL': 5}
volterra,I_GABA_B,mlp_1,1,150.0,5,0.4179911494255066,0.4503583312034607,-0.0013204455375671405,0.08068236851692194,5,STRUCTURAL,{'STRUCTURAL': 5}
volterra,I_GABA_B,mlp_2,1,150.0,5,0.6241972208023071,0.6491499543190002,0.00029553174972534,0.08068236851692194,5,STRUCTURAL,{'STRUCTURAL': 5}
volterra,I_GABA_B,ridge,1,150.0,5,0.6069847655296325,0.634747838973999,0.0,0.08068236851692194,5,STRUCTURAL,{'STRUCTURAL': 5}
volterra,I_T,mlp_1,1,5.0,5,0.5895673274993897,0.7037132382392883,-0.00014880895614624007,0.5044609847068787,5,STRUCTURAL,{'STRUCTURAL': 5}
volterra,I_T,mlp_2,1,5.0,5,0.6368306040763855,0.7480236291885376,0.009495246410369858,0.5044609847068787,5,STRUCTURAL,{'STRUCTURAL': 5}
volterra,I_T,ridge,1,5.0,5,0.5075223398208618,0.6252289056777954,0.0,0.5044609847068787,5,STRUCTURAL,{'STRUCTURAL': 5}
volterra,I_h,mlp_1,1,100.0,5,0.7802573323249817,0.7999582886695862,0.00188614130020136,0.5244234577417373,5,STRUCTURAL,{'STRUCTURAL': 5}
volterra,I_h,mlp_2,1,100.0,5,0.7864592552185059,0.8103262186050415,-0.0004706263542175201,0.5244234577417373,5,STRUCTURAL,{'STRUCTURAL': 5}
volterra,I_h,ridge,1,100.0,5,0.6558822655677796,0.6704097509384155,0.0,0.5244234577417373,5,STRUCTURAL,{'STRUCTURAL': 5}
volterra,gabaa_per_tc,mlp_1,1,5.0,5,0.48711166977882386,0.5755535364151001,-2.4408102035540025e-05,0.07997145938873286,5,STRUCTURAL,{'STRUCTURAL': 5}
volterra,gabaa_per_tc,mlp_2,1,5.0,5,0.5003194332122802,0.5894981622695923,0.00049022436141966,0.07997145938873286,5,STRUCTURAL,{'STRUCTURAL': 5}
volterra,gabaa_per_tc,ridge,1,5.0,5,0.47043488025665275,0.5627074599266052,0.0,0.07997145938873286,5,STRUCTURAL,{'STRUCTURAL': 5}
volterra,gabab_per_tc,mlp_1,1,150.0,5,0.9899673581123352,0.9911704063415528,-0.00012094974517821338,0.00873298251628864,5,STRUCTURAL,{'STRUCTURAL': 5}
volterra,gabab_per_tc,mlp_2,1,150.0,5,0.987026572227478,0.9886681437492372,-0.00064020156860348,0.00873298251628864,5,STRUCTURAL,{'STRUCTURAL': 5}
volterra,gabab_per_tc,ridge,1,150.0,5,0.988558828830719,0.9895567417144776,0.0,0.00873298251628864,5,STRUCTURAL,{'STRUCTURAL': 5}
volterra,tc_h_T,mlp_1,2,20.0,5,0.8829792022705079,0.8955013155937195,-0.002043151855468745,0.6149314852952956,5,STRUCTURAL,{'STRUCTURAL': 5}
volterra,tc_h_T,mlp_2,2,20.0,5,0.8652262091636658,0.8993215560913086,0.01206401586532592,0.6149314852952956,5,STRUCTURAL,{'STRUCTURAL': 5}
volterra,tc_h_T,ridge,2,20.0,5,0.7824527573585511,0.805438506603241,0.0,0.6149314852952956,5,STRUCTURAL,{'STRUCTURAL': 5}
volterra,tc_h_T_rank,mlp_1,3,20.0,5,0.8215287566184998,0.8486760258674622,0.0005886435508727793,0.7349574981927871,5,STRUCTURAL,{'STRUCTURAL': 5}
volterra,tc_h_T_rank,mlp_2,3,20.0,5,0.8080631494522095,0.8343958854675293,0.0006141662597655998,0.7349574981927871,5,STRUCTURAL,{'STRUCTURAL': 5}
volterra,tc_h_T_rank,ridge,3,20.0,5,0.7377514600753784,0.767792534828186,0.0,0.7349574981927871,5,STRUCTURAL,{'STRUCTURAL': 5}
volterra,tc_h_T_zscore,mlp_1,3,20.0,5,0.8944760680198669,0.9064964056015016,0.0005614638328551864,0.7942628067731856,5,STRUCTURAL,{'STRUCTURAL': 5}
volterra,tc_h_T_zscore,mlp_2,3,20.0,5,0.9042699456214904,0.9146766662597656,-0.00052195787429808,0.7942628067731856,5,STRUCTURAL,{'STRUCTURAL': 5}
volterra,tc_h_T_zscore,ridge,3,20.0,5,0.8033216524124146,0.82978675365448,0.0,0.7942628067731856,5,STRUCTURAL,{'STRUCTURAL': 5}
volterra,tc_m_T,mlp_1,2,1.0,5,0.6709205389022828,0.7111067771911621,0.0008348464965820399,0.5372535479068756,5,STRUCTURAL,{'STRUCTURAL': 5}
volterra,tc_m_T,mlp_2,2,1.0,5,0.6768762588500976,0.710739016532898,-0.0019998788833617996,0.5372535479068756,5,STRUCTURAL,{'STRUCTURAL': 5}
volterra,tc_m_T,ridge,2,1.0,5,0.5607800579071045,0.6042661070823669,0.0,0.5372535479068756,5,STRUCTURAL,{'STRUCTURAL': 5}
volterra,tc_m_T_rank,mlp_1,3,1.0,5,0.8176192283630371,0.8451375961303711,0.00098888874053952,0.7372384319305421,5,STRUCTURAL,{'STRUCTURAL': 5}
volterra,tc_m_T_rank,mlp_2,3,1.0,5,0.8027990579605102,0.8207206726074219,-0.00223912000656126,0.7372384319305421,5,STRUCTURAL,{'STRUCTURAL': 5}
volterra,tc_m_T_rank,ridge,3,1.0,5,0.738001868724823,0.7619851946830749,0.0,0.7372384319305421,5,STRUCTURAL,{'STRUCTURAL': 5}
volterra,tc_m_T_zscore,mlp_1,3,1.0,5,0.674233591556549,0.7153258323669434,0.00040372610092161994,0.5496596972942352,5,STRUCTURAL,{'STRUCTURAL': 5}
volterra,tc_m_T_zscore,mlp_2,3,1.0,5,0.6957818627357483,0.7271572351455688,0.00011240243911743999,0.5496596972942352,5,STRUCTURAL,{'STRUCTURAL': 5}
volterra,tc_m_T_zscore,ridge,3,1.0,5,0.5502550911903381,0.5990831971168518,0.0,0.5496596972942352,5,STRUCTURAL,{'STRUCTURAL': 5}
volterra,tc_m_h,mlp_1,2,100.0,5,0.7272401928901673,0.7492069005966187,0.00050359964370726,0.48520571947097774,5,STRUCTURAL,{'STRUCTURAL': 5}
volterra,tc_m_h,mlp_2,2,100.0,5,0.7097474455833435,0.7523579597473145,0.0072489619255065585,0.48520571947097774,5,STRUCTURAL,"{'STRUCTURAL': 4, 'NONLINEAR_ENCODING': 1}"
volterra,tc_m_h,ridge,2,100.0,5,0.6137599229812623,0.6375166177749634,0.0,0.48520571947097774,5,STRUCTURAL,{'STRUCTURAL': 5}
volterra,tc_m_h_rank,mlp_1,3,100.0,5,0.6920403838157654,0.7375789880752563,-0.0008994221687316801,0.557104011297226,5,STRUCTURAL,{'STRUCTURAL': 5}
volterra,tc_m_h_rank,mlp_2,3,100.0,5,0.6840992093086242,0.7246276140213013,-0.0022913455963134597,0.557104011297226,5,STRUCTURAL,{'STRUCTURAL': 5}
volterra,tc_m_h_rank,ridge,3,100.0,5,0.5575585246086121,0.6168488979339599,0.0,0.557104011297226,5,STRUCTURAL,{'STRUCTURAL': 5}
volterra,tc_m_h_zscore,mlp_1,3,100.0,5,0.7577267169952393,0.7816293835639954,0.00106904506683344,0.6154015936851501,5,STRUCTURAL,{'STRUCTURAL': 5}
volterra,tc_m_h_zscore,mlp_2,3,100.0,5,0.7837105870246888,0.8041273355484009,-0.00019286870956420002,0.6154015936851501,5,STRUCTURAL,{'STRUCTURAL': 5}
volterra,tc_m_h_zscore,ridge,3,100.0,5,0.6179005622863769,0.6624909400939941,0.0,0.6154015936851501,5,STRUCTURAL,{'STRUCTURAL': 5}
